"","Time","Spp","Colony","Core","Notes","Treatment","Replicate","Date","YII"
"1",0,"S.sid",20,"20-1","OK","Control ","R1","2017-09-01",0.567
"2",0,"S.sid",20,"20-2","OK","N ","R1","2017-09-01",0.565
"3",0,"S.sid",20,"20-3","OK","NP","R1","2017-09-01",0.561
"4",0,"S.sid",20,"20-4","OK","Control ","R2","2017-09-01",0.557
"5",0,"S.sid",20,"20-8","OK","N ","R2","2017-09-01",0.552
"6",0,"S.sid",20,"20-9","OK","NP","R2","2017-09-01",0.54
"7",0,"S.sid",20,"20-10","OK","Control ","R1","2017-09-01",0.544
"8",0,"S.sid",20,"20-11","OK","N ","R1","2017-09-01",0.516
"9",0,"S.sid",20,"20-13","OK","NP","R1","2017-09-01",0.504
"10",0,"S.sid",20,"20-14","OK","Control ","R2","2017-09-01",0.523
"11",0,"S.sid",20,"20-15","OK","N ","R2","2017-09-01",0.558
"12",0,"S.sid",20,"20-17","OK","NP","R2","2017-09-01",0.55
"13",0,"S.sid",20,"20-19","OK","Control ","R1","2017-09-01",0.54
"14",0,"S.sid",20,"20-22","OK","N ","R1","2017-09-01",0.531
"15",0,"S.sid",20,"20-23","OK","NP","R1","2017-09-01",0.517
"16",0,"S.sid",20,"20-26","OK","Control ","R2","2017-09-01",0.533
"17",0,"S.sid",20,"20-28","OK","N ","R2","2017-09-01",0.526
"18",0,"S.sid",20,"20-29","OK","NP","R2","2017-09-01",0.529
"19",0,"S.sid",20,"20-30","OK","Control ","R1","2017-09-01",0.509
"20",0,"S.sid",20,"20-32","OK","N ","R1","2017-09-01",0.519
"21",0,"S.sid",20,"20-33","OK","NP","R1","2017-09-01",0.566
"22",0,"S.sid",20,"20-34","OK","Control ","R2","2017-09-01",0.547
"23",0,"S.sid",20,"20-35","OK","N ","R2","2017-09-01",0.516
"24",0,"S.sid",20,"20-36","OK","NP","R2","2017-09-01",0.495
"25",0,"S.sid",20,"20-38","OK","Control ","R1","2017-09-01",0.535
"26",0,"S.sid",20,"20-39","OK","N ","R1","2017-09-01",0.529
"27",0,"S.sid",20,"20-40","OK","NP","R1","2017-09-01",0.525
"28",0,"S.sid",20,"20-41","OK","Control ","R2","2017-09-01",0.537
"29",0,"S.sid",20,"20-42","OK","N ","R2","2017-09-01",0.51
"30",0,"S.sid",20,"20-45","OK","NP","R2","2017-09-01",0.496
"31",0,"S.sid",20,"20-46","OK","Control ","R1","2017-09-01",0.54
"32",0,"S.sid",20,"20-47","OK","N ","R1","2017-09-01",0.514
"33",0,"S.sid",20,"20-48","OK","NP","R1","2017-09-01",0.546
"34",0,"S.sid",20,"20-49","OK","Control ","R2","2017-09-01",0.544
"35",0,"S.sid",20,"20-50","OK","N ","R2","2017-09-01",0.533
"36",0,"S.sid",20,"20-51","OK","NP","R2","2017-09-01",0.539
"37",0,"S.sid",20,"20-52","OK","Control ","R1","2017-09-01",0.532
"38",0,"S.sid",20,"20-53","OK","N ","R1","2017-09-01",0.479
"39",0,"S.sid",20,"20-54","OK","NP","R1","2017-09-01",0.526
"40",0,"S.sid",20,"20-55","OK","Control ","R2","2017-09-01",0.498
"41",0,"S.sid",20,"20-56","OK","N ","R2","2017-09-01",0.527
"42",0,"S.sid",20,"20-57","OK","NP","R2","2017-09-01",0.48
"43",0,"S.sid",20,"20-58","OK","Control ","R1","2017-09-01",0.539
"44",0,"S.sid",20,"20-59","OK","N ","R1","2017-09-01",0.451
"45",0,"S.sid",20,"20-60","OK","NP","R1","2017-09-01",0.532
"46",0,"S.sid",20,"20-61","OK","Control ","R2","2017-09-01",0.504
"47",0,"S.sid",20,"20-62","OK","N ","R2","2017-09-01",0.498
"48",0,"S.sid",20,"20-63","OK","NP","R2","2017-09-01",0.456
"49",0,"S.sid",20,"20-64","OK","Control ","R1","2017-09-01",0.52
"50",0,"S.sid",20,"20-65","OK","N ","R1","2017-09-01",0.525
"51",0,"S.sid",20,"20-66","OK","NP","R1","2017-09-01",0.477
"52",0,"S.sid",20,"20-67","OK","Control ","R2","2017-09-01",0.465
"53",0,"S.sid",20,"20-68","OK","N ","R2","2017-09-01",0.499
"54",0,"S.sid",20,"20-69","OK","NP","R2","2017-09-01",0.522
"55",0,"S.sid",20,"20-70","OK","Control ","R1","2017-09-01",0.517
"56",0,"S.sid",20,"20-71","OK","N ","R1","2017-09-01",0.468
"57",0,"S.sid",20,"20-72","OK","NP","R1","2017-09-01",0.534
"58",0,"S.sid",20,"20-73","OK","Control ","R2","2017-09-01",0.447
"59",0,"S.sid",20,"20-74","OK","N ","R2","2017-09-01",0.527
"60",0,"S.sid",20,"20-76","OK","NP","R2","2017-09-01",0.519
"61",0,"S.sid",20,"20-77","OK","Control ","R1","2017-09-01",0.45
"62",0,"S.sid",20,"20-78","OK","N ","R1","2017-09-01",0.514
"63",0,"S.sid",20,"20-79","OK","NP","R1","2017-09-01",0.48
"64",0,"S.sid",20,"20-80","OK","Control ","R2","2017-09-01",0.445
"65",0,"S.sid",20,"20-81","OK","N ","R2","2017-09-01",0.541
"66",0,"S.sid",20,"20-82","OK","NP","R2","2017-09-01",0.51
"67",0,"S.sid",20,"20-83","OK","Control ","R1","2017-09-01",0.529
"68",0,"S.sid",20,"20-84","OK","N ","R1","2017-09-01",0.52
"69",0,"S.sid",20,"20-85","OK","NP","R1","2017-09-01",0.49
"70",0,"S.sid",20,"20-86","OK","Control ","R2","2017-09-01",0.52
"71",0,"S.sid",20,"20-87","OK","N ","R2","2017-09-01",0.445
"72",0,"S.sid",20,"20-88","OK","NP","R2","2017-09-01",0.468
"73",0,"S.sid",20,"20-89","OK","Control ","R1","2017-09-01",0.489
"74",0,"S.sid",20,"20-90","OK","N ","R1","2017-09-01",0.51
"75",0,"S.sid",20,"20-91","OK","NP","R1","2017-09-01",0.505
"76",0,"S.sid",20,"20-92","OK","Control ","R2","2017-09-01",0.455
"77",0,"S.sid",20,"20-93","OK","N ","R2","2017-09-01",0.443
"78",0,"S.sid",20,"20-94","OK","NP","R2","2017-09-01",0.486
"79",0,"S.sid",20,"20-95","OK","Control ","R1","2017-09-01",0.424
"80",0,"S.sid",20,"20-96","OK","N ","R1","2017-09-01",0.508
"81",0,"S.sid",20,"20-97","OK","NP","R1","2017-09-01",0.502
"82",0,"S.sid",20,"20-98","OK","Control ","R2","2017-09-01",0.448
"83",0,"S.sid",20,"20-99","OK","N ","R2","2017-09-01",0.461
"84",0,"S.sid",20,"20-101","OK","NP","R2","2017-09-01",0.514
"85",0,"S.sid",20,"20-102","OK","Control ","R1","2017-09-01",0.503
"86",0,"S.sid",20,"20-103","OK","N ","R1","2017-09-01",0.507
"87",0,"S.sid",20,"20-105","OK","NP","R1","2017-09-01",0.44
"88",0,"S.sid",20,"20-106","OK","Control ","R2","2017-09-01",0.492
"89",0,"S.sid",22,"22-2","OK","Control ","R1","2017-09-01",0.471
"90",0,"S.sid",22,"22-3","OK","N ","R1","2017-09-01",0.492
"91",0,"S.sid",22,"22-5","OK","NP","R1","2017-09-01",0.51
"92",0,"S.sid",22,"22-6","OK","Control ","R2","2017-09-01",0.522
"93",0,"S.sid",22,"22-8","OK","N ","R2","2017-09-01",0.478
"94",0,"S.sid",22,"22-11","OK","NP","R2","2017-09-01",0.487
"95",0,"S.sid",22,"22-12","OK","Control ","R1","2017-09-01",0.509
"96",0,"S.sid",22,"22-13","OK","N ","R1","2017-09-01",0.476
"97",0,"S.sid",22,"22-14","OK","NP","R1","2017-09-01",0.49
"98",0,"S.sid",22,"22-16","OK","Control ","R2","2017-09-01",0.509
"99",0,"S.sid",22,"22-17","OK","N ","R2","2017-09-01",0.514
"100",0,"S.sid",22,"22-18","OK","NP","R2","2017-09-01",0.488
"101",0,"S.sid",22,"22-19","OK","Control ","R1","2017-09-01",0.501
"102",0,"S.sid",22,"22-20","OK","N ","R1","2017-09-01",0.488
"103",0,"S.sid",22,"22-21","OK","NP","R1","2017-09-01",0.497
"104",0,"S.sid",22,"22-22","OK","Control ","R2","2017-09-01",0.488
"105",0,"S.sid",22,"22-24","OK","N ","R2","2017-09-01",0.503
"106",0,"S.sid",22,"22-25","OK","NP","R2","2017-09-01",0.472
"107",0,"S.sid",22,"22-26","OK","Control ","R1","2017-09-01",0.5
"108",0,"S.sid",22,"22-27","OK","N ","R1","2017-09-01",0.493
"109",0,"S.sid",22,"22-28","OK","NP","R1","2017-09-01",0.483
"110",0,"S.sid",22,"22-31","OK","Control ","R2","2017-09-01",0.504
"111",0,"S.sid",22,"22-32","OK","N ","R2","2017-09-01",0.506
"112",0,"S.sid",22,"22-33","OK","NP","R2","2017-09-01",0.506
"113",0,"S.sid",22,"22-34","OK","Control ","R1","2017-09-01",0.496
"114",0,"S.sid",22,"22-35","OK","N ","R1","2017-09-01",0.488
"115",0,"S.sid",22,"22-36","OK","NP","R1","2017-09-01",0.479
"116",0,"S.sid",22,"22-37","OK","Control ","R2","2017-09-01",0.5
"117",0,"S.sid",22,"22-38","OK","N ","R2","2017-09-01",0.495
"118",0,"S.sid",22,"22-39","OK","NP","R2","2017-09-01",0.49
"119",0,"S.sid",22,"22-41","OK","Control ","R1","2017-09-01",0.498
"120",0,"S.sid",22,"22-42","OK","N ","R1","2017-09-01",0.503
"121",0,"S.sid",22,"22-43","OK","NP","R1","2017-09-01",0.499
"122",0,"S.sid",22,"22-44","OK","Control ","R2","2017-09-01",0.487
"123",0,"S.sid",22,"22-45","OK","N ","R2","2017-09-01",0.508
"124",0,"S.sid",22,"22-46","OK","NP","R2","2017-09-01",0.512
"125",0,"S.sid",22,"22-47","OK","Control ","R1","2017-09-01",0.507
"126",0,"S.sid",22,"22-48","OK","N ","R1","2017-09-01",0.489
"127",0,"S.sid",22,"22-49","OK","NP","R1","2017-09-01",0.49
"128",0,"S.sid",22,"22-50","OK","Control ","R2","2017-09-01",0.49
"129",0,"S.sid",22,"22-51","OK","N ","R2","2017-09-01",0.55
"130",0,"S.sid",22,"22-52","OK","NP","R2","2017-09-01",0.516
"131",0,"S.sid",22,"22-53","OK","Control ","R1","2017-09-01",0.515
"132",0,"S.sid",22,"22-54","OK","N ","R1","2017-09-01",0.498
"133",0,"S.sid",22,"22-55","OK","NP","R1","2017-09-01",0.496
"134",0,"S.sid",22,"22-56","OK","Control ","R2","2017-09-01",0.502
"135",0,"S.sid",22,"22-57","OK","N ","R2","2017-09-01",0.484
"136",0,"S.sid",22,"22-58","OK","NP","R2","2017-09-01",0.514
"137",0,"S.sid",22,"22-60","OK","Control ","R1","2017-09-01",0.472
"138",0,"S.sid",22,"22-61","OK","N ","R1","2017-09-01",0.488
"139",0,"S.sid",22,"22-62","OK","NP","R1","2017-09-01",0.486
"140",0,"S.sid",22,"22-64","OK","Control ","R2","2017-09-01",0.498
"141",0,"S.sid",22,"22-65","OK","N ","R2","2017-09-01",0.498
"142",0,"S.sid",23,"23-1","OK","NP","R2","2017-09-01",0.492
"143",0,"S.sid",23,"23-2","OK","Control ","R1","2017-09-01",0.502
"144",0,"S.sid",23,"23-4","Meh","Control ","R1","2017-09-01",0.498
"145",0,"S.sid",23,"23-5","Meh","N ","R1","2017-09-01",0.479
"146",0,"S.sid",23,"23-6","OK","N ","R1","2017-09-01",0.477
"147",0,"S.sid",23,"23-7","Meh","NP","R1","2017-09-01",0.427
"148",0,"S.sid",23,"23-10","Meh","Control ","R2","2017-09-01",0.498
"149",0,"S.sid",23,"23-11","OK","NP","R1","2017-09-01",0.455
"150",0,"S.sid",23,"23-12","Broken","Control ","R2","2017-09-01",0.46
"151",0,"S.sid",23,"23-13","OK","N ","R2","2017-09-01",0.485
"152",0,"S.sid",23,"23-14","OK","NP","R2","2017-09-01",0.505
"153",0,"S.sid",23,"23-15","OK","Control ","R1","2017-09-01",0.474
"154",0,"S.sid",23,"23-16","OK","N ","R1","2017-09-01",0.474
"155",0,"S.sid",23,"23-17","OK","NP","R1","2017-09-01",0.488
"156",0,"S.sid",23,"23-18","Meh","N ","R2","2017-09-01",0.457
"157",0,"S.sid",23,"23-19","Meh","NP","R2","2017-09-01",0.451
"158",0,"S.sid",23,"23-20","OK","Control ","R2","2017-09-01",0.452
"159",0,"S.sid",23,"23-21","Meh","Control ","R1","2017-09-01",0.469
"160",0,"S.sid",23,"23-22","OK","N ","R2","2017-09-01",0.481
"161",0,"S.sid",23,"23-23","OK","NP","R2","2017-09-01",0.461
"162",0,"S.sid",23,"23-24","Shit","N ","R1","2017-09-01",0.479
"163",0,"S.sid",23,"23-25","OK","Control ","R1","2017-09-01",0.479
"164",0,"S.sid",23,"23-26","OK","N ","R1","2017-09-01",0.464
"165",0,"S.sid",23,"23-29","OK","NP","R1","2017-09-01",0.491
"166",0,"S.sid",23,"23-31","OK","Control ","R2","2017-09-01",0.484
"167",0,"S.sid",23,"23-32","OK","N ","R2","2017-09-01",0.47
"168",0,"S.sid",23,"23-33","OK","NP","R2","2017-09-01",0.493
"169",0,"S.sid",23,"23-34","OK","Control ","R1","2017-09-01",0.493
"170",0,"S.sid",23,"23-35","OK","N ","R1","2017-09-01",0.466
"171",0,"S.sid",23,"23-36","OK","NP","R1","2017-09-01",0.483
"172",0,"S.sid",23,"23-37","OK","Control ","R2","2017-09-01",0.487
"173",0,"S.sid",23,"23-38","OK","N ","R2","2017-09-01",0.493
"174",0,"S.sid",23,"23-39","OK","NP","R2","2017-09-01",0.483
"175",0,"S.sid",23,"23-40","OK","Control ","R1","2017-09-01",0.462
"176",0,"S.sid",23,"23-41","OK","N ","R1","2017-09-01",0.458
"177",0,"S.sid",23,"23-42","OK","NP","R1","2017-09-01",0.478
"178",0,"S.sid",23,"23-43","OK","Control ","R2","2017-09-01",0.489
"179",0,"S.sid",23,"23-44","OK","N ","R2","2017-09-01",0.471
"180",0,"S.sid",23,"23-45","OK","NP","R2","2017-09-01",0.461
"181",0,"S.sid",23,"23-46","OK","Control ","R1","2017-09-01",0.49
"182",0,"S.sid",23,"23-47","OK","N ","R1","2017-09-01",0.483
"183",0,"S.sid",23,"23-48","OK","NP","R1","2017-09-01",0.477
"184",0,"S.sid",23,"23-49","OK","Control ","R2","2017-09-01",0.465
"185",0,"S.sid",23,"23-50","Meh","NP","R1","2017-09-01",0.473
"186",0,"S.sid",23,"23-52","OK","N ","R2","2017-09-01",0.484
"187",0,"S.sid",23,"23-53","OK","NP","R2","2017-09-01",0.468
"188",0,"S.sid",23,"23-54","OK","Control ","R1","2017-09-01",0.467
"189",0,"S.sid",23,"23-55","OK","N ","R1","2017-09-01",0.469
"190",0,"S.sid",23,"23-56","OK","NP","R1","2017-09-01",0.468
"191",0,"S.sid",23,"23-57","OK","Control ","R2","2017-09-01",0.473
"192",0,"S.sid",23,"23-58","OK","N ","R2","2017-09-01",0.471
"193",0,"S.sid",23,"23-59","OK","NP","R2","2017-09-01",0.465
"194",0,"S.sid",23,"23-60","OK","Control ","R1","2017-09-01",0.463
"195",0,"S.sid",23,"23-61","OK","N ","R1","2017-09-01",0.485
"196",0,"S.sid",23,"23-62","OK","NP","R1","2017-09-01",0.473
"197",0,"S.sid",23,"23-63","OK","Control ","R2","2017-09-01",0.476
"198",0,"S.sid",23,"23-64","Meh","Control ","R2","2017-09-01",0.456
"199",0,"S.sid",23,"23-65","OK","N ","R2","2017-09-01",0.471
"200",0,"S.sid",23,"23-66","OK","NP","R2","2017-09-01",0.455
"201",0,"S.sid",23,"23-67","OK","Control ","R1","2017-09-01",0.452
"202",0,"S.sid",23,"23-68","OK","N ","R1","2017-09-01",0.47
"203",0,"S.sid",23,"23-69","OK","NP","R1","2017-09-01",0.46
"204",0,"S.sid",23,"23-70","OK","Control ","R2","2017-09-01",0.472
"205",0,"S.sid",23,"23-71","OK","N ","R2","2017-09-01",0.447
"206",0,"S.sid",23,"23-72","OK","NP","R2","2017-09-01",0.445
"207",0,"S.sid",23,"23-73","OK","Control ","R1","2017-09-01",0.465
"208",0,"S.sid",23,"23-74","OK","N ","R1","2017-09-01",0.461
"209",0,"S.sid",23,"23-75","OK","NP","R1","2017-09-01",0.465
"210",0,"S.sid",23,"23-76","OK","Control ","R2","2017-09-01",0.442
"211",0,"S.sid",23,"23-77","OK","N ","R2","2017-09-01",0.466
"212",0,"S.sid",23,"23-78","OK","NP","R2","2017-09-01",0.469
"213",0,"S.sid",23,"23-79","OK","Control ","R1","2017-09-01",0.466
"214",0,"S.sid",23,"23-80","OK","N ","R1","2017-09-01",0.449
"215",0,"S.sid",23,"23-81","OK","NP","R1","2017-09-01",0.453
"216",0,"S.sid",24,"24-1","OK","Control ","R2","2017-09-01",0.516
"217",0,"S.sid",24,"24-2","OK","N ","R2","2017-09-01",0.503
"218",0,"S.sid",24,"24-3","OK","NP","R2","2017-09-01",0.517
"219",0,"S.sid",24,"24-4","Meh","N ","R2","2017-09-01",0.505
"220",0,"S.sid",24,"24-5","OK","Control ","R1","2017-09-01",0.496
"221",0,"S.sid",24,"24-6","OK","N ","R1","2017-09-01",0.506
"222",0,"S.sid",24,"24-7","OK","NP","R1","2017-09-01",0.501
"223",0,"S.sid",24,"24-8","OK","Control ","R2","2017-09-01",0.495
"224",0,"S.sid",24,"24-9","OK","N ","R2","2017-09-01",0.491
"225",0,"S.sid",24,"24-10","OK","NP","R2","2017-09-01",0.505
"226",0,"S.sid",24,"24-11","OK","Control ","R1","2017-09-01",0.517
"227",0,"S.sid",24,"24-12","OK","N ","R1","2017-09-01",0.512
"228",0,"S.sid",24,"24-13","Meh","NP","R2","2017-09-01",0.502
"229",0,"S.sid",24,"24-14","OK","NP","R1","2017-09-01",0.491
"230",0,"S.sid",24,"24-15","OK","Control ","R2","2017-09-01",0.508
"231",0,"S.sid",24,"24-16","OK","N ","R2","2017-09-01",0.501
"232",0,"S.sid",24,"24-17","OK","NP","R2","2017-09-01",0.487
"233",0,"S.sid",24,"24-18","OK","Control ","R1","2017-09-01",0.492
"234",0,"S.sid",24,"24-19","OK","N ","R1","2017-09-01",0.49
"235",0,"S.sid",24,"24-20","OK","NP","R1","2017-09-01",0.503
"236",0,"S.sid",24,"24-21","OK","Control ","R2","2017-09-01",0.492
"237",0,"S.sid",24,"24-22","OK","N ","R2","2017-09-01",0.506
"238",0,"S.sid",24,"24-23","OK","NP","R2","2017-09-01",0.501
"239",0,"S.sid",24,"24-24","OK","Control ","R1","2017-09-01",0.517
"240",0,"S.sid",24,"24-25","Meh","Control ","R1","2017-09-01",0.503
"241",0,"S.sid",24,"24-26","OK","N ","R1","2017-09-01",0.499
"242",0,"S.sid",24,"24-27","OK","NP","R1","2017-09-01",0.502
"243",0,"S.sid",24,"24-28","OK","Control ","R2","2017-09-01",0.488
"244",0,"S.sid",24,"24-29","OK","N ","R2","2017-09-01",0.493
"245",0,"S.sid",24,"24-30","OK","NP","R2","2017-09-01",0.5
"246",0,"S.sid",24,"24-31","Meh","N ","R1","2017-09-01",0.494
"247",0,"S.sid",24,"24-32","OK","Control ","R1","2017-09-01",0.502
"248",0,"S.sid",24,"24-33","OK","N ","R1","2017-09-01",0.51
"249",0,"S.sid",24,"24-34","OK","NP","R1","2017-09-01",0.494
"250",0,"S.sid",24,"24-35","OK","Control ","R2","2017-09-01",0.498
"251",0,"S.sid",24,"24-36","OK","N ","R2","2017-09-01",0.504
"252",0,"S.sid",24,"24-37","OK","NP","R2","2017-09-01",0.508
"253",0,"S.sid",24,"24-38","OK","Control ","R1","2017-09-01",0.505
"254",0,"S.sid",24,"24-39","OK","N ","R1","2017-09-01",0.495
"255",0,"S.sid",24,"24-40","OK","NP","R1","2017-09-01",0.511
"256",0,"S.sid",24,"24-41","OK","Control ","R2","2017-09-01",0.511
"257",0,"S.sid",24,"24-42","OK","N ","R2","2017-09-01",0.487
"258",0,"S.sid",24,"24-43","OK","NP","R2","2017-09-01",0.497
"259",0,"S.sid",24,"24-44","OK","Control ","R1","2017-09-01",0.486
"260",0,"S.sid",24,"24-45","OK","N ","R1","2017-09-01",0.511
"261",0,"S.sid",24,"24-46","OK","NP","R1","2017-09-01",0.511
"262",0,"S.sid",24,"24-47","OK","Control ","R2","2017-09-01",0.493
"263",0,"S.sid",24,"24-48","OK","N ","R2","2017-09-01",0.494
"264",0,"S.sid",24,"24-49","OK","NP","R2","2017-09-01",0.501
"265",0,"S.sid",24,"24-50","OK","Control ","R1","2017-09-01",0.501
"266",0,"S.sid",24,"24-51","OK","N ","R1","2017-09-01",0.486
"267",0,"S.sid",24,"24-52","OK","NP","R1","2017-09-01",0.505
"268",0,"S.sid",24,"24-53","OK","Control ","R2","2017-09-01",0.499
"269",0,"S.sid",27,"27-3","OK","N ","R2","2017-09-01",0.412
"270",0,"S.sid",27,"27-4","OK","NP","R2","2017-09-01",0.468
"271",0,"S.sid",27,"27-5","OK","Control ","R1","2017-09-01",0.484
"272",0,"S.sid",27,"27-6","OK","N ","R1","2017-09-01",0.457
"273",0,"S.sid",27,"27-7","OK","NP","R1","2017-09-01",0.497
"274",0,"S.sid",27,"27-9","OK","Control ","R2","2017-09-01",0.444
"275",0,"S.sid",27,"27-10","OK","N ","R2","2017-09-01",0.445
"276",0,"S.sid",27,"27-13","OK","NP","R2","2017-09-01",0.483
"277",0,"S.sid",27,"27-14","OK","Control ","R1","2017-09-01",0.45
"278",0,"S.sid",27,"27-15","OK","N ","R1","2017-09-01",0.429
"279",0,"S.sid",27,"27-16","OK","NP","R1","2017-09-01",0.458
"280",0,"S.sid",27,"27-18","OK","Control ","R2","2017-09-01",0.455
"281",0,"S.sid",27,"27-19","OK","N ","R2","2017-09-01",0.441
"282",0,"S.sid",27,"27-20","OK","NP","R2","2017-09-01",0.473
"283",0,"S.sid",27,"27-22","OK","Control ","R1","2017-09-01",0.469
"284",0,"S.sid",27,"27-23","OK","N ","R1","2017-09-01",0.463
"285",0,"S.sid",27,"27-25","OK","NP","R1","2017-09-01",0.449
"286",0,"S.sid",27,"27-27","OK","Control ","R2","2017-09-01",0.44
"287",0,"S.sid",27,"27-28","OK","N ","R2","2017-09-01",0.45
"288",0,"S.sid",27,"27-29","OK","NP","R2","2017-09-01",0.431
"289",0,"S.sid",27,"27-31","Meh","NP","R1","2017-09-01",0.422
"290",0,"S.sid",27,"27-36","OK","Control ","R1","2017-09-01",0.474
"291",0,"S.sid",27,"27-39","OK","N ","R1","2017-09-01",0.484
"292",0,"S.sid",27,"27-40","OK","NP","R1","2017-09-01",0.506
"293",0,"S.sid",27,"27-45","OK","Control ","R2","2017-09-01",0.509
"294",0,"S.sid",27,"27-46","OK","N ","R2","2017-09-01",0.476
"295",0,"S.sid",27,"27-56","OK","NP","R2","2017-09-01",0.479
"296",0,"S.sid",27,"27-57","OK","Control ","R1","2017-09-01",0.501
"297",0,"S.sid",27,"27-64","OK","N ","R1","2017-09-01",0.493
"298",0,"S.sid",27,"27-65","OK","NP","R1","2017-09-01",0.491
"299",0,"S.sid",27,"27-67","OK","Control ","R2","2017-09-01",0.481
"300",0,"S.sid",27,"27-68","Meh","Control ","R2","2017-09-01",0.489
"301",0,"S.sid",27,"27-69","OK","N ","R2","2017-09-01",0.489
"302",0,"S.sid",27,"27-70","OK","NP","R2","2017-09-01",0.492
"303",0,"S.sid",27,"27-71","OK","Control ","R1","2017-09-01",0.486
"304",0,"S.sid",27,"27-73","OK","N ","R1","2017-09-01",0.471
"305",0,"S.sid",27,"27-75","OK","NP","R1","2017-09-01",0.482
"306",0,"S.sid",27,"27-77","OK","Control ","R2","2017-09-01",0.472
"307",0,"S.sid",27,"27-81","OK","N ","R2","2017-09-01",0.447
"308",0,"S.sid",27,"27-82","OK","NP","R2","2017-09-01",0.507
"309",0,"S.sid",27,"27-85","OK","Control ","R1","2017-09-01",0.496
"310",0,"S.sid",27,"27-86","OK","N ","R1","2017-09-01",0.466
"311",0,"S.sid",27,"27-87","OK","NP","R1","2017-09-01",0.474
"312",0,"S.sid",27,"27-88","OK","Control ","R2","2017-09-01",0.466
"313",0,"S.sid",27,"27-90","OK","N ","R2","2017-09-01",0.481
"314",0,"S.sid",27,"27-91","OK","NP","R2","2017-09-01",0.484
"315",0,"S.sid",27,"27-94","OK","Control ","R1","2017-09-01",0.486
"316",0,"S.sid",27,"27-95","OK","N ","R1","2017-09-01",0.508
"317",0,"S.sid",27,"27-96","OK","NP","R1","2017-09-01",0.468
"318",0,"S.sid",27,"27-97","OK","Control ","R2","2017-09-01",0.506
"319",0,"S.sid",27,"27-98","OK","N ","R2","2017-09-01",0.463
"320",0,"S.sid",28,"28-2","Ok","Control ","R1","2017-09-01",0.531
"321",0,"S.sid",28,"28-3","Ok","N ","R1","2017-09-01",0.533
"322",0,"S.sid",28,"28-4","Ok","NP","R1","2017-09-01",0.538
"323",0,"S.sid",28,"28-5","Ok","Control ","R2","2017-09-01",0.561
"324",0,"S.sid",28,"28-6","Ok","N ","R2","2017-09-01",0.52
"325",0,"S.sid",28,"28-7","Ok","NP","R2","2017-09-01",0.56
"326",0,"S.sid",28,"28-8","Ok","Control ","R1","2017-09-01",0.54
"327",0,"S.sid",28,"28-9","Ok","N ","R1","2017-09-01",0.524
"328",0,"S.sid",28,"28-10","Ok","NP","R1","2017-09-01",0.539
"329",0,"S.sid",28,"28-11","Ok","Control ","R2","2017-09-01",0.531
"330",0,"S.sid",28,"28-13","Ok","N ","R2","2017-09-01",0.546
"331",0,"S.sid",28,"28-14","Ok","NP","R2","2017-09-01",0.533
"332",0,"S.sid",28,"28-15","Ok","Control ","R1","2017-09-01",0.539
"333",0,"S.sid",28,"28-18","Ok","N ","R1","2017-09-01",0.524
"334",0,"S.sid",28,"28-19","Ok","NP","R1","2017-09-01",0.531
"335",0,"S.sid",28,"28-20","Ok","Control ","R2","2017-09-01",0.541
"336",0,"S.sid",28,"28-21","Ok","N ","R2","2017-09-01",0.522
"337",0,"S.sid",28,"28-23","Ok","NP","R2","2017-09-01",0.536
"338",0,"S.sid",28,"28-29","Ok","N ","R2","2017-09-01",0.541
"339",0,"S.sid",28,"28-30","Ok","NP","R1","2017-09-01",0.55
"340",0,"S.sid",30,"30-1","OK","N ","R1","2017-09-01",0.543
"341",0,"S.sid",30,"30-2","OK","NP","R1","2017-09-01",0.557
"342",0,"S.sid",30,"30-3","OK","Control ","R2","2017-09-01",0.568
"343",0,"S.sid",30,"30-4","OK","N ","R2","2017-09-01",0.564
"344",0,"S.sid",30,"30-5","OK","NP","R2","2017-09-01",0.557
"345",0,"S.sid",30,"30-7","OK","Control ","R1","2017-09-01",0.561
"346",0,"S.sid",30,"30-8","OK","N ","R1","2017-09-01",0.569
"347",0,"S.sid",30,"30-9","OK","NP","R1","2017-09-01",0.55
"348",0,"S.sid",30,"30-10","OK","Control ","R2","2017-09-01",0.557
"349",0,"S.sid",30,"30-12","OK","N ","R2","2017-09-01",0.567
"350",0,"S.sid",30,"30-13","OK","NP","R2","2017-09-01",0.563
"351",0,"S.sid",30,"30-14","OK","Control ","R1","2017-09-01",0.559
"352",0,"S.sid",30,"30-15","OK","N ","R1","2017-09-01",0.549
"353",0,"S.sid",30,"30-16","OK","NP","R1","2017-09-01",0.559
"354",0,"S.sid",30,"30-18","OK","Control ","R2","2017-09-01",0.551
"355",0,"S.sid",30,"30-20","OK","N ","R2","2017-09-01",0.56
"356",0,"S.sid",30,"30-21","OK","NP","R2","2017-09-01",0.564
"357",0,"S.sid",30,"30-22","OK","Control ","R1","2017-09-01",0.563
"358",0,"S.sid",30,"30-23","OK","N ","R1","2017-09-01",0.572
"359",0,"S.sid",30,"30-24","OK","NP","R1","2017-09-01",0.563
"360",0,"S.sid",30,"30-25","OK","Control ","R2","2017-09-01",0.547
"361",0,"S.sid",30,"30-26","OK","N ","R2","2017-09-01",0.534
"362",0,"S.sid",30,"30-27","OK","NP","R2","2017-09-01",0.538
"363",0,"S.sid",30,"30-28","OK","Control ","R1","2017-09-01",0.548
"364",0,"S.sid",30,"30-29","OK","N ","R1","2017-09-01",0.545
"365",0,"S.sid",30,"30-30","OK","NP","R1","2017-09-01",0.527
"366",0,"S.sid",30,"30-31","OK","Control ","R2","2017-09-01",0.534
"367",0,"S.sid",30,"30-32","OK","N ","R2","2017-09-01",0.546
"368",0,"S.sid",30,"30-33","OK","NP","R2","2017-09-01",0.529
"369",0,"S.sid",30,"30-34","OK","Control ","R1","2017-09-01",0.532
"370",0,"S.sid",30,"30-35","OK","N ","R1","2017-09-01",0.548
"371",0,"S.sid",30,"30-36","OK","NP","R1","2017-09-01",0.535
"372",0,"S.sid",30,"30-37","OK","Control ","R2","2017-09-01",0.535
"373",0,"S.sid",30,"30-39","OK","N ","R2","2017-09-01",0.532
"374",0,"S.sid",30,"30-40","OK","NP","R2","2017-09-01",0.524
"375",0,"S.sid",30,"30-41","OK","Control ","R1","2017-09-01",0.533
"376",0,"S.sid",30,"30-42","OK","N ","R1","2017-09-01",0.531
"377",0,"S.sid",30,"30-43","OK","NP","R1","2017-09-01",0.517
"378",0,"S.sid",30,"30-44","OK","Control ","R2","2017-09-01",0.516
"379",0,"S.sid",30,"30-45","OK","N ","R2","2017-09-01",0.536
"380",0,"S.sid",30,"30-46","OK","NP","R2","2017-09-01",0.532
"381",0,"S.sid",30,"30-47","OK","Control ","R1","2017-09-01",0.532
"382",0,"S.sid",30,"30-49","OK","N ","R1","2017-09-01",0.533
"383",0,"S.sid",30,"30-50","OK","NP","R1","2017-09-01",0.535
"384",0,"S.sid",30,"30-52","OK","Control ","R2","2017-09-01",0.536
"385",0,"S.sid",30,"30-53","OK","N ","R2","2017-09-01",0.527
"386",0,"S.sid",30,"30-54","OK","NP","R2","2017-09-01",0.524
"387",0,"S.sid",30,"30-59","OK","Control ","R1","2017-09-01",0.526
"388",0,"S.sid",30,"30-61","OK","N ","R1","2017-09-01",0.53
"389",0,"S.sid",30,"30-64","OK","NP","R1","2017-09-01",0.515
