Time,Spp,Colony,Core,Notes,Treatment,Replicate,Date,Picture,AOI,File ,variable.fragment
0,S.sid,20,20-1,OK,Control ,R1,2017-09-01,1,1,1.csv,Y.II.1
0,S.sid,20,20-2,OK,N ,R1,2017-09-01,1,2,1.csv,Y.II.2
0,S.sid,20,20-3,OK,NP,R1,2017-09-01,1,3,1.csv,Y.II.3
0,S.sid,20,20-4,OK,Control ,R2,2017-09-01,1,4,1.csv,Y.II.4
0,S.sid,20,20-8,OK,N ,R2,2017-09-01,1,5,1.csv,Y.II.5
0,S.sid,20,20-9,OK,NP,R2,2017-09-01,1,6,1.csv,Y.II.6
0,S.sid,20,20-10,OK,Control ,R1,2017-09-01,1,7,1.csv,Y.II.7
0,S.sid,20,20-11,OK,N ,R1,2017-09-01,1,8,1.csv,Y.II.8
0,S.sid,20,20-13,OK,NP,R1,2017-09-01,1,9,1.csv,Y.II.9
0,S.sid,20,20-14,OK,Control ,R2,2017-09-01,1,10,1.csv,Y.II.10
0,S.sid,20,20-15,OK,N ,R2,2017-09-01,1,11,1.csv,Y.II.11
0,S.sid,20,20-17,OK,NP,R2,2017-09-01,1,12,1.csv,Y.II.12
0,S.sid,20,20-19,OK,Control ,R1,2017-09-01,1,13,1.csv,Y.II.13
0,S.sid,20,20-22,OK,N ,R1,2017-09-01,1,14,1.csv,Y.II.14
0,S.sid,20,20-23,OK,NP,R1,2017-09-01,1,15,1.csv,Y.II.15
0,S.sid,20,20-26,OK,Control ,R2,2017-09-01,1,16,1.csv,Y.II.16
0,S.sid,20,20-28,OK,N ,R2,2017-09-01,1,17,1.csv,Y.II.17
0,S.sid,20,20-29,OK,NP,R2,2017-09-01,1,18,1.csv,Y.II.18
0,S.sid,20,20-30,OK,Control ,R1,2017-09-01,1,19,1.csv,Y.II.19
0,S.sid,20,20-32,OK,N ,R1,2017-09-01,1,20,1.csv,Y.II.20
0,S.sid,20,20-33,OK,NP,R1,2017-09-01,1,21,1.csv,Y.II.21
0,S.sid,20,20-34,OK,Control ,R2,2017-09-01,1,22,1.csv,Y.II.22
0,S.sid,20,20-35,OK,N ,R2,2017-09-01,1,23,1.csv,Y.II.23
0,S.sid,20,20-36,OK,NP,R2,2017-09-01,1,24,1.csv,Y.II.24
0,S.sid,20,20-38,OK,Control ,R1,2017-09-01,2,1,2.csv,Y.II.1
0,S.sid,20,20-39,OK,N ,R1,2017-09-01,2,2,2.csv,Y.II.2
0,S.sid,20,20-40,OK,NP,R1,2017-09-01,2,3,2.csv,Y.II.3
0,S.sid,20,20-41,OK,Control ,R2,2017-09-01,2,4,2.csv,Y.II.4
0,S.sid,20,20-42,OK,N ,R2,2017-09-01,2,5,2.csv,Y.II.5
0,S.sid,20,20-45,OK,NP,R2,2017-09-01,2,6,2.csv,Y.II.6
0,S.sid,20,20-46,OK,Control ,R1,2017-09-01,2,7,2.csv,Y.II.7
0,S.sid,20,20-47,OK,N ,R1,2017-09-01,2,8,2.csv,Y.II.8
0,S.sid,20,20-48,OK,NP,R1,2017-09-01,2,9,2.csv,Y.II.9
0,S.sid,20,20-49,OK,Control ,R2,2017-09-01,2,10,2.csv,Y.II.10
0,S.sid,20,20-50,OK,N ,R2,2017-09-01,2,11,2.csv,Y.II.11
0,S.sid,20,20-51,OK,NP,R2,2017-09-01,2,12,2.csv,Y.II.12
0,S.sid,20,20-52,OK,Control ,R1,2017-09-01,2,13,2.csv,Y.II.13
0,S.sid,20,20-53,OK,N ,R1,2017-09-01,2,14,2.csv,Y.II.14
0,S.sid,20,20-54,OK,NP,R1,2017-09-01,2,15,2.csv,Y.II.15
0,S.sid,20,20-55,OK,Control ,R2,2017-09-01,2,16,2.csv,Y.II.16
0,S.sid,20,20-56,OK,N ,R2,2017-09-01,2,17,2.csv,Y.II.17
0,S.sid,20,20-57,OK,NP,R2,2017-09-01,2,18,2.csv,Y.II.18
0,S.sid,20,20-58,OK,Control ,R1,2017-09-01,2,19,2.csv,Y.II.19
0,S.sid,20,20-59,OK,N ,R1,2017-09-01,2,20,2.csv,Y.II.20
0,S.sid,20,20-60,OK,NP,R1,2017-09-01,2,21,2.csv,Y.II.21
0,S.sid,20,20-61,OK,Control ,R2,2017-09-01,2,22,2.csv,Y.II.22
0,S.sid,20,20-62,OK,N ,R2,2017-09-01,3,1,3.csv,Y.II.1
0,S.sid,20,20-63,OK,NP,R2,2017-09-01,3,2,3.csv,Y.II.2
0,S.sid,20,20-64,OK,Control ,R1,2017-09-01,3,3,3.csv,Y.II.3
0,S.sid,20,20-65,OK,N ,R1,2017-09-01,3,4,3.csv,Y.II.4
0,S.sid,20,20-66,OK,NP,R1,2017-09-01,3,5,3.csv,Y.II.5
0,S.sid,20,20-67,OK,Control ,R2,2017-09-01,3,6,3.csv,Y.II.6
0,S.sid,20,20-68,OK,N ,R2,2017-09-01,3,7,3.csv,Y.II.7
0,S.sid,20,20-69,OK,NP,R2,2017-09-01,3,8,3.csv,Y.II.8
0,S.sid,20,20-70,OK,Control ,R1,2017-09-01,3,9,3.csv,Y.II.9
0,S.sid,20,20-71,OK,N ,R1,2017-09-01,3,10,3.csv,Y.II.10
0,S.sid,20,20-72,OK,NP,R1,2017-09-01,3,11,3.csv,Y.II.11
0,S.sid,20,20-73,OK,Control ,R2,2017-09-01,3,12,3.csv,Y.II.12
0,S.sid,20,20-74,OK,N ,R2,2017-09-01,3,13,3.csv,Y.II.13
0,S.sid,20,20-76,OK,NP,R2,2017-09-01,3,14,3.csv,Y.II.14
0,S.sid,20,20-77,OK,Control ,R1,2017-09-01,3,15,3.csv,Y.II.15
0,S.sid,20,20-78,OK,N ,R1,2017-09-01,3,16,3.csv,Y.II.16
0,S.sid,20,20-79,OK,NP,R1,2017-09-01,3,17,3.csv,Y.II.17
0,S.sid,20,20-80,OK,Control ,R2,2017-09-01,3,18,3.csv,Y.II.18
0,S.sid,20,20-81,OK,N ,R2,2017-09-01,3,19,3.csv,Y.II.19
0,S.sid,20,20-82,OK,NP,R2,2017-09-01,3,20,3.csv,Y.II.20
0,S.sid,20,20-83,OK,Control ,R1,2017-09-01,3,21,3.csv,Y.II.21
0,S.sid,20,20-84,OK,N ,R1,2017-09-01,3,22,3.csv,Y.II.22
0,S.sid,20,20-85,OK,NP,R1,2017-09-01,3,23,3.csv,Y.II.23
0,S.sid,20,20-86,OK,Control ,R2,2017-09-01,3,24,3.csv,Y.II.24
0,S.sid,20,20-87,OK,N ,R2,2017-09-01,4,1,4.csv,Y.II.1
0,S.sid,20,20-88,OK,NP,R2,2017-09-01,4,2,4.csv,Y.II.2
0,S.sid,20,20-89,OK,Control ,R1,2017-09-01,4,3,4.csv,Y.II.3
0,S.sid,20,20-90,OK,N ,R1,2017-09-01,4,4,4.csv,Y.II.4
0,S.sid,20,20-91,OK,NP,R1,2017-09-01,4,5,4.csv,Y.II.5
0,S.sid,20,20-92,OK,Control ,R2,2017-09-01,4,6,4.csv,Y.II.6
0,S.sid,20,20-93,OK,N ,R2,2017-09-01,4,7,4.csv,Y.II.7
0,S.sid,20,20-94,OK,NP,R2,2017-09-01,4,8,4.csv,Y.II.8
0,S.sid,20,20-95,OK,Control ,R1,2017-09-01,4,9,4.csv,Y.II.9
0,S.sid,20,20-96,OK,N ,R1,2017-09-01,4,10,4.csv,Y.II.10
0,S.sid,20,20-97,OK,NP,R1,2017-09-01,4,11,4.csv,Y.II.11
0,S.sid,20,20-98,OK,Control ,R2,2017-09-01,4,12,4.csv,Y.II.12
0,S.sid,20,20-99,OK,N ,R2,2017-09-01,4,13,4.csv,Y.II.13
0,S.sid,20,20-101,OK,NP,R2,2017-09-01,4,14,4.csv,Y.II.14
0,S.sid,20,20-102,OK,Control ,R1,2017-09-01,4,15,4.csv,Y.II.15
0,S.sid,20,20-103,OK,N ,R1,2017-09-01,4,16,4.csv,Y.II.16
0,S.sid,20,20-105,OK,NP,R1,2017-09-01,4,17,4.csv,Y.II.17
0,S.sid,20,20-106,OK,Control ,R2,2017-09-01,4,18,4.csv,Y.II.18
0,S.sid,22,22-2,OK,Control ,R1,2017-09-01,5,1,5.csv,Y.II.1
0,S.sid,22,22-3,OK,N ,R1,2017-09-01,5,2,5.csv,Y.II.2
0,S.sid,22,22-5,OK,NP,R1,2017-09-01,5,3,5.csv,Y.II.3
0,S.sid,22,22-6,OK,Control ,R2,2017-09-01,5,4,5.csv,Y.II.4
0,S.sid,22,22-8,OK,N ,R2,2017-09-01,5,5,5.csv,Y.II.5
0,S.sid,22,22-11,OK,NP,R2,2017-09-01,5,6,5.csv,Y.II.6
0,S.sid,22,22-12,OK,Control ,R1,2017-09-01,5,7,5.csv,Y.II.7
0,S.sid,22,22-13,OK,N ,R1,2017-09-01,5,8,5.csv,Y.II.8
0,S.sid,22,22-14,OK,NP,R1,2017-09-01,5,9,5.csv,Y.II.9
0,S.sid,22,22-16,OK,Control ,R2,2017-09-01,5,10,5.csv,Y.II.10
0,S.sid,22,22-17,OK,N ,R2,2017-09-01,5,11,5.csv,Y.II.11
0,S.sid,22,22-18,OK,NP,R2,2017-09-01,5,12,5.csv,Y.II.12
0,S.sid,22,22-19,OK,Control ,R1,2017-09-01,5,13,5.csv,Y.II.13
0,S.sid,22,22-20,OK,N ,R1,2017-09-01,5,14,5.csv,Y.II.14
0,S.sid,22,22-21,OK,NP,R1,2017-09-01,5,15,5.csv,Y.II.15
0,S.sid,22,22-22,OK,Control ,R2,2017-09-01,5,16,5.csv,Y.II.16
0,S.sid,22,22-24,OK,N ,R2,2017-09-01,5,17,5.csv,Y.II.17
0,S.sid,22,22-25,OK,NP,R2,2017-09-01,5,18,5.csv,Y.II.18
0,S.sid,22,22-26,OK,Control ,R1,2017-09-01,5,19,5.csv,Y.II.19
0,S.sid,22,22-27,OK,N ,R1,2017-09-01,5,20,5.csv,Y.II.20
0,S.sid,22,22-28,OK,NP,R1,2017-09-01,5,21,5.csv,Y.II.21
0,S.sid,22,22-31,OK,Control ,R2,2017-09-01,6,2,6.csv,Y.II.2
0,S.sid,22,22-32,OK,N ,R2,2017-09-01,6,3,6.csv,Y.II.3
0,S.sid,22,22-33,OK,NP,R2,2017-09-01,6,4,6.csv,Y.II.4
0,S.sid,22,22-34,OK,Control ,R1,2017-09-01,6,5,6.csv,Y.II.5
0,S.sid,22,22-35,OK,N ,R1,2017-09-01,6,6,6.csv,Y.II.6
0,S.sid,22,22-36,OK,NP,R1,2017-09-01,6,7,6.csv,Y.II.7
0,S.sid,22,22-37,OK,Control ,R2,2017-09-01,6,1,6.csv,Y.II.1
0,S.sid,22,22-38,OK,N ,R2,2017-09-01,6,8,6.csv,Y.II.8
0,S.sid,22,22-39,OK,NP,R2,2017-09-01,6,9,6.csv,Y.II.9
0,S.sid,22,22-41,OK,Control ,R1,2017-09-01,6,10,6.csv,Y.II.10
0,S.sid,22,22-42,OK,N ,R1,2017-09-01,6,11,6.csv,Y.II.11
0,S.sid,22,22-43,OK,NP,R1,2017-09-01,6,12,6.csv,Y.II.12
0,S.sid,22,22-44,OK,Control ,R2,2017-09-01,6,13,6.csv,Y.II.13
0,S.sid,22,22-45,OK,N ,R2,2017-09-01,6,14,6.csv,Y.II.14
0,S.sid,22,22-46,OK,NP,R2,2017-09-01,6,15,6.csv,Y.II.15
0,S.sid,22,22-47,OK,Control ,R1,2017-09-01,6,16,6.csv,Y.II.16
0,S.sid,22,22-48,OK,N ,R1,2017-09-01,6,17,6.csv,Y.II.17
0,S.sid,22,22-49,OK,NP,R1,2017-09-01,6,18,6.csv,Y.II.18
0,S.sid,22,22-50,OK,Control ,R2,2017-09-01,7,1,7.csv,Y.II.1
0,S.sid,22,22-51,OK,N ,R2,2017-09-01,7,2,7.csv,Y.II.2
0,S.sid,22,22-52,OK,NP,R2,2017-09-01,7,3,7.csv,Y.II.3
0,S.sid,22,22-53,OK,Control ,R1,2017-09-01,7,4,7.csv,Y.II.4
0,S.sid,22,22-54,OK,N ,R1,2017-09-01,7,5,7.csv,Y.II.5
0,S.sid,22,22-55,OK,NP,R1,2017-09-01,7,6,7.csv,Y.II.6
0,S.sid,22,22-56,OK,Control ,R2,2017-09-01,7,7,7.csv,Y.II.7
0,S.sid,22,22-57,OK,N ,R2,2017-09-01,7,8,7.csv,Y.II.8
0,S.sid,22,22-58,OK,NP,R2,2017-09-01,7,9,7.csv,Y.II.9
0,S.sid,22,22-60,OK,Control ,R1,2017-09-01,7,10,7.csv,Y.II.10
0,S.sid,22,22-61,OK,N ,R1,2017-09-01,7,11,7.csv,Y.II.11
0,S.sid,22,22-62,OK,NP,R1,2017-09-01,7,12,7.csv,Y.II.12
0,S.sid,22,22-64,OK,Control ,R2,2017-09-01,7,13,7.csv,Y.II.13
0,S.sid,22,22-65,OK,N ,R2,2017-09-01,7,14,7.csv,Y.II.14
0,S.sid,23,23-1,OK,NP,R2,2017-09-01,9,1,9.csv,Y.II.1
0,S.sid,23,23-2,OK,Control ,R1,2017-09-01,9,2,9.csv,Y.II.2
0,S.sid,23,23-4,Meh,Control ,R1,2017-09-01,9,3,9.csv,Y.II.3
0,S.sid,23,23-5,Meh,N ,R1,2017-09-01,9,4,9.csv,Y.II.4
0,S.sid,23,23-6,OK,N ,R1,2017-09-01,9,5,9.csv,Y.II.5
0,S.sid,23,23-7,Meh,NP,R1,2017-09-01,9,6,9.csv,Y.II.6
0,S.sid,23,23-10,Meh,Control ,R2,2017-09-01,9,7,9.csv,Y.II.7
0,S.sid,23,23-11,OK,NP,R1,2017-09-01,9,8,9.csv,Y.II.8
0,S.sid,23,23-12,Broken,Control ,R2,2017-09-01,9,9,9.csv,Y.II.9
0,S.sid,23,23-13,OK,N ,R2,2017-09-01,9,10,9.csv,Y.II.10
0,S.sid,23,23-14,OK,NP,R2,2017-09-01,9,11,9.csv,Y.II.11
0,S.sid,23,23-15,OK,Control ,R1,2017-09-01,9,12,9.csv,Y.II.12
0,S.sid,23,23-16,OK,N ,R1,2017-09-01,9,13,9.csv,Y.II.13
0,S.sid,23,23-17,OK,NP,R1,2017-09-01,9,14,9.csv,Y.II.14
0,S.sid,23,23-18,Meh,N ,R2,2017-09-01,9,15,9.csv,Y.II.15
0,S.sid,23,23-19,Meh,NP,R2,2017-09-01,9,16,9.csv,Y.II.16
0,S.sid,23,23-20,OK,Control ,R2,2017-09-01,9,17,9.csv,Y.II.17
0,S.sid,23,23-21,Meh,Control ,R1,2017-09-01,9,18,9.csv,Y.II.18
0,S.sid,23,23-22,OK,N ,R2,2017-09-01,9,19,9.csv,Y.II.19
0,S.sid,23,23-23,OK,NP,R2,2017-09-01,9,20,9.csv,Y.II.20
0,S.sid,23,23-24,Shit,N ,R1,2017-09-01,9,21,9.csv,Y.II.21
0,S.sid,23,23-25,OK,Control ,R1,2017-09-01,10,1,10.csv,Y.II.1
0,S.sid,23,23-26,OK,N ,R1,2017-09-01,10,2,10.csv,Y.II.2
0,S.sid,23,23-29,OK,NP,R1,2017-09-01,10,3,10.csv,Y.II.3
0,S.sid,23,23-31,OK,Control ,R2,2017-09-01,10,4,10.csv,Y.II.4
0,S.sid,23,23-32,OK,N ,R2,2017-09-01,10,5,10.csv,Y.II.5
0,S.sid,23,23-33,OK,NP,R2,2017-09-01,10,6,10.csv,Y.II.6
0,S.sid,23,23-34,OK,Control ,R1,2017-09-01,10,7,10.csv,Y.II.7
0,S.sid,23,23-35,OK,N ,R1,2017-09-01,10,8,10.csv,Y.II.8
0,S.sid,23,23-36,OK,NP,R1,2017-09-01,10,9,10.csv,Y.II.9
0,S.sid,23,23-37,OK,Control ,R2,2017-09-01,10,10,10.csv,Y.II.10
0,S.sid,23,23-38,OK,N ,R2,2017-09-01,10,11,10.csv,Y.II.11
0,S.sid,23,23-39,OK,NP,R2,2017-09-01,10,12,10.csv,Y.II.12
0,S.sid,23,23-40,OK,Control ,R1,2017-09-01,10,13,10.csv,Y.II.13
0,S.sid,23,23-41,OK,N ,R1,2017-09-01,10,14,10.csv,Y.II.14
0,S.sid,23,23-42,OK,NP,R1,2017-09-01,10,15,10.csv,Y.II.15
0,S.sid,23,23-43,OK,Control ,R2,2017-09-01,10,16,10.csv,Y.II.16
0,S.sid,23,23-44,OK,N ,R2,2017-09-01,10,17,10.csv,Y.II.17
0,S.sid,23,23-45,OK,NP,R2,2017-09-01,10,18,10.csv,Y.II.18
0,S.sid,23,23-46,OK,Control ,R1,2017-09-01,10,19,10.csv,Y.II.19
0,S.sid,23,23-47,OK,N ,R1,2017-09-01,10,20,10.csv,Y.II.20
0,S.sid,23,23-48,OK,NP,R1,2017-09-01,10,21,10.csv,Y.II.21
0,S.sid,23,23-49,OK,Control ,R2,2017-09-01,11,1,11.csv,Y.II.1
0,S.sid,23,23-50,Meh,NP,R1,2017-09-01,11,2,11.csv,Y.II.2
0,S.sid,23,23-52,OK,N ,R2,2017-09-01,11,3,11.csv,Y.II.3
0,S.sid,23,23-53,OK,NP,R2,2017-09-01,11,4,11.csv,Y.II.4
0,S.sid,23,23-54,OK,Control ,R1,2017-09-01,11,5,11.csv,Y.II.5
0,S.sid,23,23-55,OK,N ,R1,2017-09-01,11,6,11.csv,Y.II.6
0,S.sid,23,23-56,OK,NP,R1,2017-09-01,11,7,11.csv,Y.II.7
0,S.sid,23,23-57,OK,Control ,R2,2017-09-01,11,8,11.csv,Y.II.8
0,S.sid,23,23-58,OK,N ,R2,2017-09-01,11,9,11.csv,Y.II.9
0,S.sid,23,23-59,OK,NP,R2,2017-09-01,11,10,11.csv,Y.II.10
0,S.sid,23,23-60,OK,Control ,R1,2017-09-01,11,11,11.csv,Y.II.11
0,S.sid,23,23-61,OK,N ,R1,2017-09-01,11,12,11.csv,Y.II.12
0,S.sid,23,23-62,OK,NP,R1,2017-09-01,11,13,11.csv,Y.II.13
0,S.sid,23,23-63,OK,Control ,R2,2017-09-01,11,14,11.csv,Y.II.14
0,S.sid,23,23-64,Meh,Control ,R2,2017-09-01,11,15,11.csv,Y.II.15
0,S.sid,23,23-65,OK,N ,R2,2017-09-01,11,16,11.csv,Y.II.16
0,S.sid,23,23-66,OK,NP,R2,2017-09-01,11,17,11.csv,Y.II.17
0,S.sid,23,23-67,OK,Control ,R1,2017-09-01,11,18,11.csv,Y.II.18
0,S.sid,23,23-68,OK,N ,R1,2017-09-01,11,19,11.csv,Y.II.19
0,S.sid,23,23-69,OK,NP,R1,2017-09-01,11,20,11.csv,Y.II.20
0,S.sid,23,23-70,OK,Control ,R2,2017-09-01,11,21,11.csv,Y.II.21
0,S.sid,23,23-71,OK,N ,R2,2017-09-01,12,1,12.csv,Y.II.1
0,S.sid,23,23-72,OK,NP,R2,2017-09-01,12,2,12.csv,Y.II.2
0,S.sid,23,23-73,OK,Control ,R1,2017-09-01,12,3,12.csv,Y.II.3
0,S.sid,23,23-74,OK,N ,R1,2017-09-01,12,4,12.csv,Y.II.4
0,S.sid,23,23-75,OK,NP,R1,2017-09-01,12,5,12.csv,Y.II.5
0,S.sid,23,23-76,OK,Control ,R2,2017-09-01,12,6,12.csv,Y.II.6
0,S.sid,23,23-77,OK,N ,R2,2017-09-01,12,7,12.csv,Y.II.7
0,S.sid,23,23-78,OK,NP,R2,2017-09-01,12,8,12.csv,Y.II.8
0,S.sid,23,23-79,OK,Control ,R1,2017-09-01,12,9,12.csv,Y.II.9
0,S.sid,23,23-80,OK,N ,R1,2017-09-01,12,10,12.csv,Y.II.10
0,S.sid,23,23-81,OK,NP,R1,2017-09-01,12,11,12.csv,Y.II.11
0,S.sid,24,24-1,OK,Control ,R2,2017-09-01,13,1,13.csv,Y.II.1
0,S.sid,24,24-2,OK,N ,R2,2017-09-01,13,2,13.csv,Y.II.2
0,S.sid,24,24-3,OK,NP,R2,2017-09-01,13,3,13.csv,Y.II.3
0,S.sid,24,24-4,Meh,N ,R2,2017-09-01,13,4,13.csv,Y.II.4
0,S.sid,24,24-5,OK,Control ,R1,2017-09-01,13,5,13.csv,Y.II.5
0,S.sid,24,24-6,OK,N ,R1,2017-09-01,13,6,13.csv,Y.II.6
0,S.sid,24,24-7,OK,NP,R1,2017-09-01,13,7,13.csv,Y.II.7
0,S.sid,24,24-8,OK,Control ,R2,2017-09-01,13,8,13.csv,Y.II.8
0,S.sid,24,24-9,OK,N ,R2,2017-09-01,13,9,13.csv,Y.II.9
0,S.sid,24,24-10,OK,NP,R2,2017-09-01,13,10,13.csv,Y.II.10
0,S.sid,24,24-11,OK,Control ,R1,2017-09-01,13,11,13.csv,Y.II.11
0,S.sid,24,24-12,OK,N ,R1,2017-09-01,13,12,13.csv,Y.II.12
0,S.sid,24,24-13,Meh,NP,R2,2017-09-01,13,13,13.csv,Y.II.13
0,S.sid,24,24-14,OK,NP,R1,2017-09-01,13,14,13.csv,Y.II.14
0,S.sid,24,24-15,OK,Control ,R2,2017-09-01,13,15,13.csv,Y.II.15
0,S.sid,24,24-16,OK,N ,R2,2017-09-01,13,16,13.csv,Y.II.16
0,S.sid,24,24-17,OK,NP,R2,2017-09-01,13,17,13.csv,Y.II.17
0,S.sid,24,24-18,OK,Control ,R1,2017-09-01,13,18,13.csv,Y.II.18
0,S.sid,24,24-19,OK,N ,R1,2017-09-01,13,19,13.csv,Y.II.19
0,S.sid,24,24-20,OK,NP,R1,2017-09-01,13,20,13.csv,Y.II.20
0,S.sid,24,24-21,OK,Control ,R2,2017-09-01,13,21,13.csv,Y.II.21
0,S.sid,24,24-22,OK,N ,R2,2017-09-01,14,1,14.csv,Y.II.1
0,S.sid,24,24-23,OK,NP,R2,2017-09-01,14,2,14.csv,Y.II.2
0,S.sid,24,24-24,OK,Control ,R1,2017-09-01,14,3,14.csv,Y.II.3
0,S.sid,24,24-25,Meh,Control ,R1,2017-09-01,14,4,14.csv,Y.II.4
0,S.sid,24,24-26,OK,N ,R1,2017-09-01,14,5,14.csv,Y.II.5
0,S.sid,24,24-27,OK,NP,R1,2017-09-01,14,6,14.csv,Y.II.6
0,S.sid,24,24-28,OK,Control ,R2,2017-09-01,14,7,14.csv,Y.II.7
0,S.sid,24,24-29,OK,N ,R2,2017-09-01,14,8,14.csv,Y.II.8
0,S.sid,24,24-30,OK,NP,R2,2017-09-01,14,9,14.csv,Y.II.9
0,S.sid,24,24-31,Meh,N ,R1,2017-09-01,14,10,14.csv,Y.II.10
0,S.sid,24,24-32,OK,Control ,R1,2017-09-01,14,11,14.csv,Y.II.11
0,S.sid,24,24-33,OK,N ,R1,2017-09-01,14,12,14.csv,Y.II.12
0,S.sid,24,24-34,OK,NP,R1,2017-09-01,14,13,14.csv,Y.II.13
0,S.sid,24,24-35,OK,Control ,R2,2017-09-01,14,14,14.csv,Y.II.14
0,S.sid,24,24-36,OK,N ,R2,2017-09-01,14,15,14.csv,Y.II.15
0,S.sid,24,24-37,OK,NP,R2,2017-09-01,14,16,14.csv,Y.II.16
0,S.sid,24,24-38,OK,Control ,R1,2017-09-01,14,17,14.csv,Y.II.17
0,S.sid,24,24-39,OK,N ,R1,2017-09-01,14,18,14.csv,Y.II.18
0,S.sid,24,24-40,OK,NP,R1,2017-09-01,14,19,14.csv,Y.II.19
0,S.sid,24,24-41,OK,Control ,R2,2017-09-01,14,20,14.csv,Y.II.20
0,S.sid,24,24-42,OK,N ,R2,2017-09-01,14,21,14.csv,Y.II.21
0,S.sid,24,24-43,OK,NP,R2,2017-09-01,15,1,15.csv,Y.II.1
0,S.sid,24,24-44,OK,Control ,R1,2017-09-01,15,2,15.csv,Y.II.2
0,S.sid,24,24-45,OK,N ,R1,2017-09-01,15,3,15.csv,Y.II.3
0,S.sid,24,24-46,OK,NP,R1,2017-09-01,15,4,15.csv,Y.II.4
0,S.sid,24,24-47,OK,Control ,R2,2017-09-01,15,5,15.csv,Y.II.5
0,S.sid,24,24-48,OK,N ,R2,2017-09-01,15,6,15.csv,Y.II.6
0,S.sid,24,24-49,OK,NP,R2,2017-09-01,15,7,15.csv,Y.II.7
0,S.sid,24,24-50,OK,Control ,R1,2017-09-01,15,8,15.csv,Y.II.8
0,S.sid,24,24-51,OK,N ,R1,2017-09-01,15,9,15.csv,Y.II.9
0,S.sid,24,24-52,OK,NP,R1,2017-09-01,15,10,15.csv,Y.II.10
0,S.sid,24,24-53,OK,Control ,R2,2017-09-01,15,11,15.csv,Y.II.11
0,S.sid,27,27-3,OK,N ,R2,2017-09-01,16,1,16.csv,Y.II.1
0,S.sid,27,27-4,OK,NP,R2,2017-09-01,16,2,16.csv,Y.II.2
0,S.sid,27,27-5,OK,Control ,R1,2017-09-01,16,3,16.csv,Y.II.3
0,S.sid,27,27-6,OK,N ,R1,2017-09-01,16,4,16.csv,Y.II.4
0,S.sid,27,27-7,OK,NP,R1,2017-09-01,16,5,16.csv,Y.II.5
0,S.sid,27,27-9,OK,Control ,R2,2017-09-01,16,6,16.csv,Y.II.6
0,S.sid,27,27-10,OK,N ,R2,2017-09-01,16,7,16.csv,Y.II.7
0,S.sid,27,27-13,OK,NP,R2,2017-09-01,16,8,16.csv,Y.II.8
0,S.sid,27,27-14,OK,Control ,R1,2017-09-01,16,9,16.csv,Y.II.9
0,S.sid,27,27-15,OK,N ,R1,2017-09-01,16,10,16.csv,Y.II.10
0,S.sid,27,27-16,OK,NP,R1,2017-09-01,16,11,16.csv,Y.II.11
0,S.sid,27,27-18,OK,Control ,R2,2017-09-01,16,12,16.csv,Y.II.12
0,S.sid,27,27-19,OK,N ,R2,2017-09-01,16,13,16.csv,Y.II.13
0,S.sid,27,27-20,OK,NP,R2,2017-09-01,16,14,16.csv,Y.II.14
0,S.sid,27,27-22,OK,Control ,R1,2017-09-01,16,15,16.csv,Y.II.15
0,S.sid,27,27-23,OK,N ,R1,2017-09-01,16,16,16.csv,Y.II.16
0,S.sid,27,27-25,OK,NP,R1,2017-09-01,16,17,16.csv,Y.II.17
0,S.sid,27,27-27,OK,Control ,R2,2017-09-01,16,18,16.csv,Y.II.18
0,S.sid,27,27-28,OK,N ,R2,2017-09-01,16,19,16.csv,Y.II.19
0,S.sid,27,27-29,OK,NP,R2,2017-09-01,16,20,16.csv,Y.II.20
0,S.sid,27,27-31,Meh,NP,R1,2017-09-01,16,21,16.csv,Y.II.21
0,S.sid,27,27-36,OK,Control ,R1,2017-09-01,17,1,17.csv,Y.II.1
0,S.sid,27,27-39,OK,N ,R1,2017-09-01,17,2,17.csv,Y.II.2
0,S.sid,27,27-40,OK,NP,R1,2017-09-01,17,3,17.csv,Y.II.3
0,S.sid,27,27-45,OK,Control ,R2,2017-09-01,17,4,17.csv,Y.II.4
0,S.sid,27,27-46,OK,N ,R2,2017-09-01,17,5,17.csv,Y.II.5
0,S.sid,27,27-56,OK,NP,R2,2017-09-01,17,6,17.csv,Y.II.6
0,S.sid,27,27-57,OK,Control ,R1,2017-09-01,17,7,17.csv,Y.II.7
0,S.sid,27,27-64,OK,N ,R1,2017-09-01,17,8,17.csv,Y.II.8
0,S.sid,27,27-65,OK,NP,R1,2017-09-01,17,9,17.csv,Y.II.9
0,S.sid,27,27-67,OK,Control ,R2,2017-09-01,17,10,17.csv,Y.II.10
0,S.sid,27,27-68,Meh,Control ,R2,2017-09-01,17,11,17.csv,Y.II.11
0,S.sid,27,27-69,OK,N ,R2,2017-09-01,17,12,17.csv,Y.II.12
0,S.sid,27,27-70,OK,NP,R2,2017-09-01,17,13,17.csv,Y.II.13
0,S.sid,27,27-71,OK,Control ,R1,2017-09-01,17,14,17.csv,Y.II.14
0,S.sid,27,27-73,OK,N ,R1,2017-09-01,17,15,17.csv,Y.II.15
0,S.sid,27,27-75,OK,NP,R1,2017-09-01,17,16,17.csv,Y.II.16
0,S.sid,27,27-77,OK,Control ,R2,2017-09-01,17,17,17.csv,Y.II.17
0,S.sid,27,27-81,OK,N ,R2,2017-09-01,17,18,17.csv,Y.II.18
0,S.sid,27,27-82,OK,NP,R2,2017-09-01,17,19,17.csv,Y.II.19
0,S.sid,27,27-85,OK,Control ,R1,2017-09-01,17,20,17.csv,Y.II.20
0,S.sid,27,27-86,OK,N ,R1,2017-09-01,17,21,17.csv,Y.II.21
0,S.sid,27,27-87,OK,NP,R1,2017-09-01,18,1,18.csv,Y.II.1
0,S.sid,27,27-88,OK,Control ,R2,2017-09-01,18,2,18.csv,Y.II.2
0,S.sid,27,27-90,OK,N ,R2,2017-09-01,18,3,18.csv,Y.II.3
0,S.sid,27,27-91,OK,NP,R2,2017-09-01,18,4,18.csv,Y.II.4
0,S.sid,27,27-94,OK,Control ,R1,2017-09-01,18,5,18.csv,Y.II.5
0,S.sid,27,27-95,OK,N ,R1,2017-09-01,18,6,18.csv,Y.II.6
0,S.sid,27,27-96,OK,NP,R1,2017-09-01,18,7,18.csv,Y.II.7
0,S.sid,27,27-97,OK,Control ,R2,2017-09-01,18,8,18.csv,Y.II.8
0,S.sid,27,27-98,OK,N ,R2,2017-09-01,18,9,18.csv,Y.II.9
0,S.sid,28,28-2,Ok,Control ,R1,2017-09-01,19,1,19.csv,Y.II.1
0,S.sid,28,28-3,Ok,N ,R1,2017-09-01,19,2,19.csv,Y.II.2
0,S.sid,28,28-4,Ok,NP,R1,2017-09-01,19,3,19.csv,Y.II.3
0,S.sid,28,28-5,Ok,Control ,R2,2017-09-01,19,4,19.csv,Y.II.4
0,S.sid,28,28-6,Ok,N ,R2,2017-09-01,19,5,19.csv,Y.II.5
0,S.sid,28,28-7,Ok,NP,R2,2017-09-01,19,6,19.csv,Y.II.6
0,S.sid,28,28-8,Ok,Control ,R1,2017-09-01,19,7,19.csv,Y.II.7
0,S.sid,28,28-9,Ok,N ,R1,2017-09-01,19,8,19.csv,Y.II.8
0,S.sid,28,28-10,Ok,NP,R1,2017-09-01,19,9,19.csv,Y.II.9
0,S.sid,28,28-11,Ok,Control ,R2,2017-09-01,19,10,19.csv,Y.II.10
0,S.sid,28,28-13,Ok,N ,R2,2017-09-01,19,11,19.csv,Y.II.11
0,S.sid,28,28-14,Ok,NP,R2,2017-09-01,19,12,19.csv,Y.II.12
0,S.sid,28,28-15,Ok,Control ,R1,2017-09-01,19,13,19.csv,Y.II.13
0,S.sid,28,28-18,Ok,N ,R1,2017-09-01,19,14,19.csv,Y.II.14
0,S.sid,28,28-19,Ok,NP,R1,2017-09-01,19,15,19.csv,Y.II.15
0,S.sid,28,28-20,Ok,Control ,R2,2017-09-01,19,16,19.csv,Y.II.16
0,S.sid,28,28-21,Ok,N ,R2,2017-09-01,19,17,19.csv,Y.II.17
0,S.sid,28,28-23,Ok,NP,R2,2017-09-01,19,18,19.csv,Y.II.18
0,S.sid,28,28-29,Ok,N ,R2,2017-09-01,19,19,19.csv,Y.II.19
0,S.sid,28,28-30,Ok,NP,R1,2017-09-01,19,20,19.csv,Y.II.20
0,S.sid,30,30-1,OK,N ,R1,2017-09-01,20,1,20.csv,Y.II.1
0,S.sid,30,30-2,OK,NP,R1,2017-09-01,20,2,20.csv,Y.II.2
0,S.sid,30,30-3,OK,Control ,R2,2017-09-01,20,3,20.csv,Y.II.3
0,S.sid,30,30-4,OK,N ,R2,2017-09-01,20,4,20.csv,Y.II.4
0,S.sid,30,30-5,OK,NP,R2,2017-09-01,20,5,20.csv,Y.II.5
0,S.sid,30,30-7,OK,Control ,R1,2017-09-01,20,6,20.csv,Y.II.6
0,S.sid,30,30-8,OK,N ,R1,2017-09-01,20,7,20.csv,Y.II.7
0,S.sid,30,30-9,OK,NP,R1,2017-09-01,20,8,20.csv,Y.II.8
0,S.sid,30,30-10,OK,Control ,R2,2017-09-01,20,9,20.csv,Y.II.9
0,S.sid,30,30-12,OK,N ,R2,2017-09-01,20,10,20.csv,Y.II.10
0,S.sid,30,30-13,OK,NP,R2,2017-09-01,20,11,20.csv,Y.II.11
0,S.sid,30,30-14,OK,Control ,R1,2017-09-01,20,12,20.csv,Y.II.12
0,S.sid,30,30-15,OK,N ,R1,2017-09-01,20,13,20.csv,Y.II.13
0,S.sid,30,30-16,OK,NP,R1,2017-09-01,20,14,20.csv,Y.II.14
0,S.sid,30,30-18,OK,Control ,R2,2017-09-01,20,15,20.csv,Y.II.15
0,S.sid,30,30-20,OK,N ,R2,2017-09-01,20,16,20.csv,Y.II.16
0,S.sid,30,30-21,OK,NP,R2,2017-09-01,20,17,20.csv,Y.II.17
0,S.sid,30,30-22,OK,Control ,R1,2017-09-01,20,18,20.csv,Y.II.18
0,S.sid,30,30-23,OK,N ,R1,2017-09-01,20,19,20.csv,Y.II.19
0,S.sid,30,30-24,OK,NP,R1,2017-09-01,20,20,20.csv,Y.II.20
0,S.sid,30,30-25,OK,Control ,R2,2017-09-01,20,21,20.csv,Y.II.21
0,S.sid,30,30-26,OK,N ,R2,2017-09-01,21,1,21.csv,Y.II.1
0,S.sid,30,30-27,OK,NP,R2,2017-09-01,21,2,21.csv,Y.II.2
0,S.sid,30,30-28,OK,Control ,R1,2017-09-01,21,3,21.csv,Y.II.3
0,S.sid,30,30-29,OK,N ,R1,2017-09-01,21,4,21.csv,Y.II.4
0,S.sid,30,30-30,OK,NP,R1,2017-09-01,21,5,21.csv,Y.II.5
0,S.sid,30,30-31,OK,Control ,R2,2017-09-01,21,6,21.csv,Y.II.6
0,S.sid,30,30-32,OK,N ,R2,2017-09-01,21,7,21.csv,Y.II.7
0,S.sid,30,30-33,OK,NP,R2,2017-09-01,21,8,21.csv,Y.II.8
0,S.sid,30,30-34,OK,Control ,R1,2017-09-01,21,9,21.csv,Y.II.9
0,S.sid,30,30-35,OK,N ,R1,2017-09-01,21,10,21.csv,Y.II.10
0,S.sid,30,30-36,OK,NP,R1,2017-09-01,21,11,21.csv,Y.II.11
0,S.sid,30,30-37,OK,Control ,R2,2017-09-01,21,12,21.csv,Y.II.12
0,S.sid,30,30-39,OK,N ,R2,2017-09-01,21,13,21.csv,Y.II.13
0,S.sid,30,30-40,OK,NP,R2,2017-09-01,21,14,21.csv,Y.II.14
0,S.sid,30,30-41,OK,Control ,R1,2017-09-01,21,15,21.csv,Y.II.15
0,S.sid,30,30-42,OK,N ,R1,2017-09-01,21,16,21.csv,Y.II.16
0,S.sid,30,30-43,OK,NP,R1,2017-09-01,21,17,21.csv,Y.II.17
0,S.sid,30,30-44,OK,Control ,R2,2017-09-01,21,18,21.csv,Y.II.18
0,S.sid,30,30-45,OK,N ,R2,2017-09-01,21,19,21.csv,Y.II.19
0,S.sid,30,30-46,OK,NP,R2,2017-09-01,21,20,21.csv,Y.II.20
0,S.sid,30,30-47,OK,Control ,R1,2017-09-01,21,21,21.csv,Y.II.21
0,S.sid,30,30-49,OK,N ,R1,2017-09-01,22,1,22.csv,Y.II.1
0,S.sid,30,30-50,OK,NP,R1,2017-09-01,22,2,22.csv,Y.II.2
0,S.sid,30,30-52,OK,Control ,R2,2017-09-01,22,3,22.csv,Y.II.3
0,S.sid,30,30-53,OK,N ,R2,2017-09-01,22,4,22.csv,Y.II.4
0,S.sid,30,30-54,OK,NP,R2,2017-09-01,22,5,22.csv,Y.II.5
0,S.sid,30,30-59,OK,Control ,R1,2017-09-01,22,6,22.csv,Y.II.6
0,S.sid,30,30-61,OK,N ,R1,2017-09-01,22,7,22.csv,Y.II.7
0,S.sid,30,30-64,OK,NP,R1,2017-09-01,22,8,22.csv,Y.II.8
